file_path,rune
wood_carvings/wood (15).jpg,cyberpunk
wood_carvings/wood (29).jpg,cyberpunk
wood_carvings/wood (41).jpg,cyberpunk
wood_carvings/wood (42).jpg,cyberpunk
wood_carvings/wood (58).jpg,cyberpunk
wood_carvings/wood (24).jpg,cyberpunk
wood_carvings/wood (8).jpg,cyberpunk
wood_carvings/wood (30).jpg,cyberpunk
wood_carvings/wood (38).jpg,cyberpunk
wood_carvings/wood (12).jpg,cyberpunk
wood_carvings/wood (5).jpg,cyberpunk
wood_carvings/wood (35).jpg,cyberpunk
wood_carvings/wood (7).jpg,cyberpunk
wood_carvings/wood (62).jpg,cyberpunk
wood_carvings/wood (46).jpg,cyberpunk
wood_carvings/wood (54).jpg,cyberpunk
wood_carvings/wood (61).jpg,cyberpunk
wood_carvings/wood (17).jpg,cyberpunk
wood_carvings/wood (27).jpg,cyberpunk
wood_carvings/wood (39).jpg,cyberpunk
wood_carvings/wood (10).jpg,cyberpunk
wood_carvings/wood (53).jpg,cyberpunk
wood_carvings/wood (31).jpg,cyberpunk
wood_carvings/wood (1).jpg,cyberpunk
wood_carvings/wood (11).jpg,cyberpunk
wood_carvings/wood (37).jpg,cyberpunk
wood_carvings/wood (51).jpg,cyberpunk
wood_carvings/wood (50).jpg,cyberpunk
wood_carvings/wood (45).jpg,cyberpunk
wood_carvings/wood (36).jpg,cyberpunk
wood_carvings/wood (2).jpg,cyberpunk
wood_carvings/wood (25).jpg,cyberpunk
wood_carvings/wood (64).jpg,cyberpunk
wood_carvings/wood (56).jpg,cyberpunk
wood_carvings/wood (14).jpg,cyberpunk
wood_carvings/wood (40).jpg,cyberpunk
wood_carvings/wood (57).jpg,cyberpunk
wood_carvings/wood (49).jpg,cyberpunk
wood_carvings/wood (3).jpg,cyberpunk
wood_carvings/wood (34).jpg,cyberpunk
wood_carvings/wood (63).jpg,cyberpunk
wood_carvings/wood (9).jpg,cyberpunk
wood_carvings/wood (60).jpg,cyberpunk
wood_carvings/wood (16).jpg,cyberpunk
wood_carvings/wood (44).jpg,cyberpunk
wood_carvings/wood (21).jpg,cyberpunk
wood_carvings/wood (43).jpg,cyberpunk
wood_carvings/wood (18).jpg,cyberpunk
wood_carvings/wood (52).jpg,cyberpunk
wood_carvings/wood (32).jpg,cyberpunk
wood_carvings/wood (55).jpg,cyberpunk
wood_carvings/wood (59).jpg,cyberpunk
wood_carvings/wood (26).jpg,cyberpunk
wood_carvings/wood (6).jpg,cyberpunk
wood_carvings/wood (23).jpg,cyberpunk
wood_carvings/wood (4).jpg,cyberpunk
wood_carvings/wood (13).jpg,cyberpunk
wood_carvings/wood (22).jpg,cyberpunk
wood_carvings/wood (47).jpg,cyberpunk
wood_carvings/wood (20).jpg,cyberpunk
wood_carvings/wood (33).jpg,cyberpunk
wood_carvings/wood (28).jpg,cyberpunk
wood_carvings/wood (48).jpg,cyberpunk
wood_carvings/wood (19).jpg,cyberpunk
